Month,Year,DateJuly,Pt,Nt,Phosphate,Silicate,NO2,Amonia,CO2air,O2air,O2water,temp,CO2water
1.0,2006.0,16.0,0.0,0.0,0.0,0.0,0.0,0.0,374.0,20.9,21.5,15.3,291.0
2.0,2006.0,32.0,0.0,0.0,0.0,0.0,0.0,0.0,373.0,21.3,20.9,0.0,314.0
2.0,2006.0,44.0,0.0,0.0,0.0,0.0,0.0,0.0,374.0,21.7,21.6,12.9,274.0
2.0,2006.0,58.0,0.0,0.0,0.0,0.0,0.0,0.0,375.0,21.2,21.0,12.6,310.0
3.0,2006.0,68.0,0.0,0.0,0.0,0.0,0.0,0.0,371.0,21.4,21.4,13.2,306.0
3.0,2006.0,87.0,0.0,0.0,0.0,0.0,0.0,0.0,376.0,20.7,21.1,12.6,279.0
11.0,2006.0,314.0,0.0,0.0,0.0,0.0,0.0,0.0,370.0,20.3,20.5,0.0,323.0
11.0,2006.0,331.0,0.0,0.0,0.0,0.0,0.0,0.0,370.0,20.3,20.3,18.9,330.0
3.0,2007.0,438.0,0.0,0.0,0.0,0.0,0.0,0.0,372.0,20.7,20.7,15.2,315.0
4.0,2007.0,479.0,0.0,0.0,0.0,0.0,0.0,0.0,371.0,19.8,19.8,17.4,346.0
6.0,2007.0,534.0,0.0,0.0,0.0,0.0,0.0,0.0,375.0,0.0,0.0,23.4,421.0
9.0,2007.0,621.0,0.0,0.0,0.0,0.0,0.0,0.0,369.0,19.6,19.7,27.4,416.0
10.0,2007.0,641.0,0.0,0.0,0.0,0.0,0.0,0.0,373.0,0.0,0.0,24.4,394.0
10.0,2007.0,653.0,0.0,0.0,0.0,0.0,0.0,0.0,394.0,0.0,0.0,23.4,373.0
11.0,2007.0,681.0,0.0,0.0,0.0,0.0,0.0,0.0,0.0,0.0,0.0,19.4,375.0
2.0,2008.0,782.0,0.0,0.0,0.0,0.0,0.0,0.404361485862133,379.0,19.1,19.8,0.0,268.0
3.0,2008.0,816.0,0.0,0.0,0.0,0.0,0.0,0.0,377.0,18.4,18.4,14.1,347.0
4.0,2008.0,830.0,0.0,0.0,0.0,0.0,0.0,0.393272962483829,382.0,18.2,18.2,15.4,370.0
4.0,2008.0,844.0,0.0,0.0,0.0,0.0,0.0,0.26575494363334,383.0,19.0,19.4,16.4,330.0
5.0,2008.0,858.0,0.0,0.0,0.0,0.0,0.0,0.36924782849750504,371.0,18.4,18.6,0.0,399.0
5.0,2008.0,872.0,0.0,0.0,0.0,0.0,0.0,0.49122158565884294,392.0,18.8,18.8,20.4,355.0
6.0,2008.0,900.0,0.0,0.0,0.0,0.0,0.0,0.40620957309184996,373.0,18.9,18.9,22.9,405.0
8.0,2008.0,949.0,0.0,0.0,0.0,0.0,0.0,0.35261504343005,375.0,18.4,18.6,27.4,481.0
8.0,2008.0,962.0,0.0,0.0,0.0,0.0,0.0,0.42653853261874,372.0,18.3,18.4,26.4,423.0
9.0,2008.0,977.0,0.0,0.0,0.0,0.0,0.0,0.49122158565884294,366.0,18.2,18.4,27.4,503.0
9.0,2008.0,991.0,0.0,0.0,0.0,0.0,0.0,0.6409166512659399,364.0,18.6,18.6,24.4,391.0
10.0,2008.0,1005.0,0.0,0.0,0.0,0.0,0.0,0.26575494363334,364.0,18.9,19.0,22.9,385.0
10.0,2008.0,1018.0,0.0,0.0,0.0,0.0,0.0,0.29162816484938103,369.0,18.8,19.0,22.4,307.0
11.0,2008.0,1037.0,0.0,0.0,0.0,0.0,0.0,0.33228608390316,367.0,18.5,18.4,19.4,345.0
12.0,2008.0,1067.0,0.0,0.0,0.0,0.0,0.0,0.36555165403807105,369.0,0.0,0.0,14.4,338.0
12.0,2008.0,1081.0,0.0,0.0,0.0,0.0,0.0,0.469044538902236,398.0,0.0,0.0,13.7,350.0
1.0,2009.0,1108.0,0.0,0.0,0.0,0.0,0.0,0.28423581593051195,396.0,0.0,0.0,13.9,334.0
2.0,2009.0,1139.0,0.0,0.0,0.0,0.0,0.0,0.34891886897061497,364.0,0.0,0.0,11.9,349.0
2.0,2009.0,1151.0,0.0,0.0,0.0,0.0,0.0,0.282387728700795,356.0,0.0,0.0,13.4,304.0
3.0,2009.0,1166.0,0.0,0.0,0.0,0.0,0.0,0.3581593051192021,367.0,0.0,0.0,13.9,294.0
3.0,2009.0,1179.0,0.0,0.0,0.0,0.0,0.0,0.335982258362595,365.0,0.0,0.0,14.4,328.0
4.0,2009.0,1192.0,0.0,0.0,0.0,0.0,0.0,0.297172426538533,354.0,0.0,0.0,15.4,330.0
4.0,2009.0,1207.0,0.0,0.0,0.0,0.0,0.0,0.36555165403807105,360.0,0.0,0.0,15.9,331.0
5.0,2009.0,1235.0,0.0,0.0,0.0,0.0,0.0,0.35446313065976703,361.0,0.0,0.0,20.4,361.0
6.0,2009.0,1250.0,0.0,0.0,0.0,0.0,0.0,0.35261504343005,351.0,0.0,0.0,23.9,358.0
6.0,2009.0,1263.0,0.0,0.0,0.0,0.0,0.0,0.25097024579560195,359.0,0.0,0.0,24.4,390.0
7.0,2009.0,1277.0,0.0,0.0,0.0,0.0,0.0,0.361855479578636,366.0,20.8,21.5,25.4,382.0
7.0,2009.0,1292.0,0.0,0.0,0.0,0.0,0.0,0.311957124376271,365.0,20.8,21.3,27.4,431.0
7.0,2009.0,1306.0,0.0,0.0,0.0,0.0,0.0,0.502310109037147,349.0,19.1,19.4,24.4,400.0
8.0,2009.0,1319.0,0.0,0.0,0.0,0.0,0.0,0.334134171132877,346.0,18.6,18.9,25.4,443.0
8.0,2009.0,1333.0,0.0,0.0,0.0,0.0,0.0,0.324893734984291,350.0,18.5,19.1,27.4,450.0
9.0,2009.0,1348.0,0.0,0.0,0.0,0.0,0.0,0.341526520051746,339.0,18.9,19.3,0.0,374.0
10.0,2009.0,1375.0,0.0,0.0,0.0,0.0,0.0,0.17332629674306393,351.0,18.6,18.5,24.4,370.0
10.0,2009.0,1396.0,0.0,0.0,0.0,0.0,0.0,0.7938027744270204,359.0,18.5,18.9,0.0,332.0
11.0,2009.0,1411.0,0.0,0.0,0.0,0.0,0.0,0.2645506634499397,358.0,18.2,18.5,19.4,315.0
11.0,2009.0,1425.0,0.0,0.0,0.0,0.0,0.0,0.2826447527141134,363.0,18.2,18.2,20.4,342.0
12.0,2009.0,1439.0,0.0,0.0,0.0,0.0,0.0,1.0365651387213508,362.0,18.5,18.1,11.4,285.0
1.0,2010.0,1482.0,0.0,0.0,0.0,0.0,0.0,0.3128015681544029,367.0,18.1,18.2,14.4,290.0
2.0,2010.0,1493.0,0.0,0.0,0.0,0.0,0.0,0.29395355850422195,379.0,17.7,17.7,0.0,284.0
3.0,2010.0,1524.0,0.0,0.0,0.0,0.0,0.0,0.22987032569360674,368.0,17.5,17.6,15.4,326.0
3.0,2010.0,1537.0,0.0,0.0,0.0,0.0,0.0,0.2803829915560917,372.0,15.8,15.8,0.0,320.0
4.0,2010.0,1566.0,0.0,0.0,0.0,0.0,0.0,0.7274577804583836,395.0,19.1,19.3,14.4,327.0
5.0,2010.0,1587.0,0.0,0.0,0.0,0.0,0.0,2.6872448985015853,380.0,20.4,20.5,0.0,327.0
5.0,2010.0,1607.0,0.0,0.0,0.0,0.0,0.0,1.323054885404101,390.0,20.8,21.0,0.0,360.0
6.0,2010.0,1632.0,0.0,0.0,0.0,0.0,0.0,1.2175060313630879,371.0,20.7,20.8,23.4,387.0
7.0,2010.0,1642.0,0.0,0.0,0.0,0.0,0.0,1.3607509047044632,358.0,20.8,21.1,26.4,378.0
7.0,2010.0,1655.0,0.0,0.0,0.0,0.0,0.0,4.548203463533287,369.0,20.4,19.7,27.4,436.0
7.0,2010.0,1671.0,0.0,0.0,0.0,0.0,0.0,0.19971351025331727,351.0,18.2,18.4,26.4,415.0
8.0,2010.0,1690.0,0.0,0.0,0.0,0.0,0.0,0.0,354.0,19.8,19.9,26.4,444.0
9.0,2010.0,1704.0,0.0,0.0,0.0,0.0,0.0,0.201,364.0,18.2,18.3,25.4,397.0
9.0,2010.0,1718.0,0.0,0.0,0.0,0.0,0.0,0.128,360.0,18.0,18.5,25.4,415.0
10.0,2010.0,1734.0,0.0,0.0,0.0,0.0,0.0,0.7015032726749623,372.0,17.9,17.9,24.9,392.0
10.0,2010.0,1752.0,0.0,0.0,0.0,0.0,0.0,1.052469847122993,368.0,17.4,17.4,22.4,344.0
11.0,2010.0,1772.0,0.0,0.0,0.0,0.0,0.0,0.3598503920017262,374.0,16.4,16.4,18.4,371.0
11.0,2010.0,1789.0,0.0,0.0,0.0,0.0,0.0,0.191,385.0,16.7,16.8,17.9,310.0
1.0,2011.0,1838.0,0.0,0.0,0.0,0.0,0.0,0.14100032987174688,368.0,17.0,17.2,14.9,302.0
2.0,2011.0,1863.0,0.0,0.0,0.0,0.0,0.0,0.17,371.0,17.0,17.0,13.4,262.0
3.0,2011.0,1887.0,0.0,0.0,0.0,0.0,0.0,0.13471912536862546,382.0,16.5,16.6,13.4,282.0
3.0,2011.0,1902.0,0.0,0.0,0.0,0.0,0.0,2.0010475749547387,376.0,16.5,16.5,13.9,343.0
5.0,2011.0,1968.0,0.0,0.0,0.0,0.0,0.0,0.1527093596059113,370.0,15.2,15.2,19.9,375.0
6.0,2011.0,1989.0,0.0,0.0,0.0,0.0,0.0,0.2223311218335344,374.0,14.8,14.9,23.4,389.0
7.0,2011.0,2011.0,0.0,0.0,0.0,0.0,0.0,0.23740952955367914,408.0,10.9,10.9,24.9,446.0
7.0,2011.0,2026.0,0.0,0.0,0.0,0.0,0.0,0.0,391.0,10.9,10.9,24.4,428.0
8.0,2011.0,2040.0,0.0,0.0,0.0,0.0,0.0,0.1642792521109771,401.0,14.3,14.3,26.4,474.0
8.0,2011.0,2054.0,0.0,0.0,0.0,0.0,0.0,0.14693908323281066,386.0,10.7,10.7,27.2,438.0
9.0,2011.0,2073.0,0.0,0.0,0.0,0.0,0.0,0.3731151990349819,399.0,10.5,10.6,28.4,520.0
9.0,2011.0,2087.0,0.0,0.0,0.0,0.0,0.0,0.1582478890229192,385.0,10.1,10.1,25.7,475.0
10.0,2011.0,2102.0,0.0,0.0,0.0,0.0,0.0,0.22379595872912866,408.0,21.0,20.7,25.4,460.0
10.0,2011.0,2116.0,0.0,0.0,0.0,0.0,0.0,0.163,403.0,11.3,11.4,23.7,382.0
11.0,2011.0,2131.0,0.0,0.0,0.0,0.0,0.0,0.09699999999999999,395.0,0.0,0.0,22.4,391.0
11.0,2011.0,2146.0,0.0,0.0,0.0,0.0,0.0,0.0,420.0,20.7,20.7,19.4,349.0
12.0,2011.0,2160.0,0.0,0.0,0.0,0.0,0.0,0.0,393.0,0.0,0.0,18.9,365.0
12.0,2011.0,2174.0,0.0,0.0,0.0,0.0,0.0,0.0,353.0,20.7,20.9,16.4,341.0
1.0,2012.0,2213.0,0.0,0.0,0.0,0.0,0.0,0.06931400000000001,384.0,21.2,21.2,14.9,310.0
2.0,2012.0,2230.0,0.0,0.0,0.0,0.0,0.0,0.0,403.0,20.3,20.8,12.4,498.0
2.0,2012.0,2249.0,0.0,0.0,0.0,0.0,0.0,0.450726,300.0,0.0,0.0,14.4,288.0
3.0,2012.0,2264.0,0.0,0.0,0.0,0.0,0.0,0.0,396.0,0.0,0.0,15.4,348.0
3.0,2012.0,2277.0,0.0,0.0,0.0,0.0,0.0,0.17090799999999987,390.0,21.1,21.2,16.299999999999994,321.0
4.0,2012.0,2298.0,0.0,0.0,0.0,0.0,0.0,0.9860300000000002,391.0,21.2,21.1,14.5,448.0
5.0,2012.0,2313.0,0.0,0.0,0.0,0.0,0.0,0.4003240000000001,390.0,20.9,20.9,18.1,374.0
5.0,2012.0,2326.0,0.0,0.0,0.0,0.0,0.0,0.0,379.0,20.9,21.1,19.4,368.0
5.0,2012.0,2342.0,0.0,0.0,0.0,0.0,0.0,0.0,373.0,20.9,20.8,21.4,388.0
6.0,2012.0,2356.0,0.0,0.0,0.0,0.0,0.0,0.0,377.0,20.9,20.9,23.2,414.0
7.0,2012.0,2374.0,0.0,0.0,0.0,0.0,0.0,0.0,435.0,20.5,20.8,23.4,401.0
7.0,2012.0,2390.0,0.0,0.0,0.0,0.0,0.0,0.0,369.0,20.3,20.9,26.8,458.0
8.0,2012.0,2404.0,0.0,0.0,0.0,0.0,0.0,0.0,270.0,20.6,20.7,27.2,458.0
8.0,2012.0,2419.0,0.0,0.0,0.0,0.0,0.0,0.6103850000000001,377.0,20.9,20.6,27.1,478.0
9.0,2012.0,2437.0,0.0,0.0,0.0,0.0,0.0,0.058016999999999964,362.0,21.0,21.0,24.9,402.0
9.0,2012.0,2452.0,0.0,0.0,0.0,0.0,0.0,0.2950170000000003,372.0,20.8,20.5,24.9,390.0
10.0,2012.0,2467.0,0.0,0.0,0.0,0.0,0.0,1.064714,383.0,21.2,21.1,23.9,408.0
10.0,2012.0,2487.0,0.0,0.0,0.0,0.0,0.0,1.1695469999999997,370.0,21.0,20.9,23.1,376.0
11.0,2012.0,2502.0,0.0,0.0,0.0,0.0,0.0,9.1994096,377.0,21.4,21.4,18.6,350.0
11.0,2012.0,2514.0,0.0,0.0,0.0,0.0,0.0,0.0,374.0,21.1,21.2,18.6,306.0
12.0,2012.0,2528.0,0.0,0.0,0.0,0.0,0.0,0.42986999999999975,386.0,21.1,21.1,16.8,340.0
12.0,2012.0,2545.0,0.0,0.0,0.0,0.0,0.0,0.0,354.0,20.8,20.9,16.3,337.0
1.0,2013.0,2565.0,0.0,0.0,0.0,0.0,0.0,2.42857,393.0,20.7,20.8,15.7,353.0
1.0,2013.0,2586.0,0.0,0.0,0.0,0.0,0.0,0.23955899999999986,369.0,21.0,21.3,14.6,343.0
2.0,2013.0,2592.0,0.0,0.0,0.0,0.0,0.0,0.05730599999999994,389.0,20.7,21.0,14.4,344.0
2.0,2013.0,2607.0,0.0,0.0,0.0,0.0,0.0,0.01962399999999988,372.0,20.7,20.7,13.7,412.0
3.0,2013.0,2620.0,0.0,0.0,0.0,0.0,0.0,6.8377912,370.0,20.5,20.4,13.9,426.0
3.0,2013.0,2635.0,0.0,0.0,0.0,0.0,0.0,0.028865999999999975,364.0,21.0,20.9,14.2,422.0
4.0,2013.0,2649.0,0.0,0.0,0.0,0.0,0.0,1.1317850000000005,377.0,20.6,20.5,14.8,417.0
4.0,2013.0,2663.0,0.0,0.0,0.0,0.0,0.0,0.004845599999999922,385.0,21.2,21.5,16.4,325.0
5.0,2013.0,2684.0,0.0,0.0,0.0,0.0,0.0,0.35055400000000003,383.0,20.6,20.9,17.5,359.0
5.0,2013.0,2699.0,0.0,0.0,0.0,0.0,0.0,0.180783,406.0,20.0,20.7,18.0,392.0
6.0,2013.0,2713.0,0.0,0.0,0.0,0.0,0.0,0.0,390.0,19.7,20.8,19.3,387.0
6.0,2013.0,2727.0,0.0,0.0,0.0,0.0,0.0,0.0,386.0,19.3,20.1,22.1,461.0
7.0,2013.0,2738.0,0.0,0.0,0.0,0.0,0.0,0.1747790000000001,380.0,20.9,21.0,22.7,397.0
7.0,2013.0,2752.0,0.0,0.0,0.0,0.0,0.0,0.16924900000000007,378.0,20.6,20.7,25.7,448.0
8.0,2013.0,2769.0,0.0,0.0,0.0,0.0,0.0,0.05849099999999999,380.0,20.7,21.0,26.3,466.0
8.0,2013.0,2781.0,0.0,0.0,0.0,0.0,0.0,0.08708899999999986,391.0,20.6,20.8,27.3,461.0
9.0,2013.0,2801.0,0.0,0.0,0.0,0.0,0.0,0.20076999999999987,436.0,21.0,20.7,25.1,390.0
9.0,2013.0,2815.0,0.0,0.0,0.0,0.0,0.0,0.0,368.0,20.4,20.6,25.0,403.0
10.0,2013.0,2837.0,0.0,0.0,0.0,0.0,0.0,1.1301260000000002,373.0,20.0,20.9,23.6,367.0
10.0,2013.0,2859.0,0.0,0.0,0.0,0.0,0.0,0.236715,394.0,20.3,20.6,21.7,329.0
11.0,2013.0,2872.0,0.0,0.0,0.0,0.0,0.0,0.2173205,384.0,20.0,20.7,20.3,348.0
11.0,2013.0,2886.0,0.0,0.0,0.0,0.0,0.0,0.396769,386.0,20.9,21.0,16.3,317.0
12.0,2013.0,2894.0,0.0,0.0,0.0,0.0,0.0,0.35963899999999993,436.0,21.4,21.1,16.5,322.0
12.0,2013.0,2906.0,0.0,0.0,0.0,0.0,0.0,0.31970449999999995,405.0,21.1,21.3,15.2,299.0
1.0,2014.0,2934.0,0.0,0.0,0.0,0.0,0.0,0.515901,389.0,20.6,21.0,15.2,342.0
1.0,2014.0,2942.0,0.0,0.0,0.0,0.0,0.0,0.2771235,399.0,20.9,21.0,13.2,368.0
2.0,2014.0,2956.0,0.0,0.0,0.0,0.0,0.0,0.19298850000000006,392.0,20.0,20.6,13.5,335.0
2.0,2014.0,2970.0,0.0,0.0,0.0,0.0,0.0,0.2105660000000001,339.0,20.4,19.6,14.3,402.0
3.0,2014.0,2987.0,0.0,0.0,0.0,0.0,0.0,0.4498570000000001,410.0,20.0,20.9,14.3,301.0
3.0,2014.0,2999.0,0.0,0.0,0.0,0.0,0.0,0.755113,400.0,19.9,20.9,15.1,318.0
4.0,2014.0,3020.0,0.0,0.0,0.0,0.0,0.0,0.33258150000000003,417.0,20.0,20.9,16.8,339.0
4.0,2014.0,3034.0,0.0,0.0,0.0,0.0,0.0,1.050494,435.0,20.6,20.7,16.3,367.0
5.0,2014.0,3047.0,0.0,0.0,0.0,0.0,0.0,0.24939450000000002,400.0,20.7,20.7,18.1,377.0
5.0,2014.0,3069.0,0.0,0.0,0.0,0.0,0.0,0.2824165,404.0,20.3,20.5,20.6,380.0
6.0,2014.0,3081.0,0.0,0.0,0.0,0.0,0.0,0.32282500000000003,400.0,19.9,20.5,22.4,430.0
6.0,2014.0,3090.0,0.0,0.0,0.0,0.0,0.0,0.34731499999999993,382.0,19.6,20.5,23.2,418.0
7.0,2014.0,3109.0,0.0,0.0,0.0,0.0,0.0,0.20815650000000005,402.0,20.7,20.0,24.7,449.0
7.0,2014.0,3125.0,0.0,0.0,0.0,0.0,0.0,0.290435,385.0,19.9,20.6,26.2,419.0
8.0,2014.0,3134.0,0.0,0.0,0.0,0.0,0.0,0.5672510000000001,393.0,19.5,20.3,27.3,478.0
8.0,2014.0,3154.0,0.0,0.0,0.0,0.0,0.0,0.4106730000000001,389.0,19.3,20.0,26.7,449.0
9.0,2014.0,3172.0,0.0,0.0,0.0,0.0,0.0,0.5970734999999999,376.0,20.1,20.0,27.8,462.0
9.0,2014.0,3188.0,0.0,0.0,0.0,0.0,0.0,0.892099,390.0,19.6,20.2,26.1,444.0
10.0,2014.0,3197.0,0.0,0.0,0.0,0.0,0.0,0.681248,401.0,19.2,20.6,25.0,374.0
10.0,2014.0,3209.0,0.0,0.0,0.0,0.0,0.0,3.13325,389.0,16.6,20.2,24.0,382.0
11.0,2014.0,3231.0,0.0,0.0,0.0,0.0,0.0,0.9606709999999999,397.0,19.9,20.2,22.2,336.0
12.0,2014.0,3259.0,0.0,0.0,0.0,0.0,0.0,1.2088889999999999,310.0,20.2,20.2,17.6,343.0
12.0,2014.0,3271.0,0.0,0.0,0.0,0.0,0.0,1.7833375,404.0,19.7,20.3,15.7,323.0
1.0,2015.0,3308.0,0.264,37.266999999999996,0.075,0.8140000000000001,0.402,0.04983599999999981,405.0,19.5,20.1,14.9,323.0
1.0,2015.0,3314.0,3.9560000000000004,49.326,0.064,0.785,0.39399999999999996,0.0,402.0,20.1,20.5,14.4,323.0
2.0,2015.0,3326.0,0.253,21.443,0.054000000000000006,0.493,0.35700000000000004,0.03574920000000005,407.0,19.7,20.8,14.5,316.0
2.0,2015.0,3335.0,0.255,47.196999999999996,0.076,0.966,0.473,0.044740000000000064,409.0,20.2,20.6,14.0,339.0
6.0,2016.0,3804.0,0.086,3.977,0.064,0.925,0.095,0.139,434.0,0.0,0.0,20.3,388.0
6.0,2016.0,3818.0,0.18,4.185,0.133,0.858,0.2,0.038,422.0,0.0,0.0,23.7,448.0
7.0,2016.0,3834.0,0.14300000000000002,3.6910000000000003,0.087,0.895,0.14300000000000002,0.10300000000000001,430.0,0.0,0.0,25.0,475.0
7.0,2016.0,3847.0,0.19899999999999998,14.864,0.156,0.759,0.395,0.708,415.0,0.0,0.0,24.7,497.0
7.0,2016.0,3864.0,0.152,3.5839999999999996,0.081,0.8170000000000001,0.163,0.038,428.0,19.1,19.1,26.9,492.0
8.0,2016.0,3879.0,0.161,3.307,0.075,0.7190000000000001,0.078,0.038,415.0,19.2,19.3,26.4,456.0
9.0,2016.0,3897.0,0.183,41.126000000000005,0.079,0.769,0.191,0.091,422.0,19.1,19.2,27.13,462.0
9.0,2016.0,3911.0,0.214,4.704,0.08199999999999999,0.966,0.10400000000000001,0.063,413.0,19.1,19.1,25.4,486.0
10.0,2016.0,3928.0,0.124,3.09,0.064,0.765,0.17,0.038,423.0,19.1,19.1,25.36,450.0
10.0,2016.0,3942.0,0.138,3.1919999999999997,0.061,0.7440000000000001,0.107,0.038,420.0,19.1,18.8,24.06,436.0
11.0,2016.0,3963.0,0.23199999999999998,4.422,0.081,0.7490000000000001,0.157,0.038,423.0,18.8,18.4,20.71,433.0
12.0,2016.0,3988.0,0.172,5.247000000000001,0.045,0.746,0.25,0.038,445.0,18.8,18.3,18.62,380.0
12.0,2016.0,4000.0,0.32,5.812,0.03,0.589,0.23157894736842105,0.141,429.0,19.1,19.0,18.12,374.0
1.0,2017.0,4018.0,0.33799999999999997,6.546,0.038,0.649,0.21894736842105264,0.353,353.0,19.1,19.1,16.9,470.0
1.0,2017.0,4048.0,0.373,6.681,0.034,0.613,0.3726315789473684,0.08199999999999999,441.0,18.8,18.7,15.07,349.0
4.0,2017.0,4112.0,0.32299999999999995,6.43,0.038,1.126,0.28,0.07,483.0,18.7,18.6,16.16,365.0
4.0,2017.0,4132.0,0.217,5.916,0.031,0.637,0.1336842105263158,0.177,490.0,18.4,18.5,17.92,440.0
5.0,2017.0,4140.0,0.425,6.925,0.019,0.797,0.2284210526315789,0.053,468.0,18.7,18.8,17.56,485.0
6.0,2017.0,4170.0,0.474,6.367000000000001,0.023,0.63,0.12947368421052632,0.10800000000000001,416.0,17.9,18.1,22.71,405.0
6.0,2017.0,4184.0,0.431,5.936,0.025,0.722,0.11578947368421053,0.095,426.0,17.6,17.6,24.58,447.0
7.0,2017.0,4210.0,0.408,6.182,0.027999999999999997,0.733,0.12315789473684212,0.23399999999999999,436.0,17.0,17.1,26.18,460.0
7.0,2017.0,4222.0,0.359,5.135,0.034,0.8170000000000001,0.11263157894736843,0.23600000000000002,412.0,17.2,17.0,27.06,493.0
8.0,2017.0,4236.0,0.324,3.968,0.026000000000000002,0.705,0.12526315789473685,0.087,393.0,17.0,17.0,27.91,462.0
8.0,2017.0,4250.0,0.275,4.716,0.033,0.485,0.1526315789473684,0.5379999999999999,391.0,16.3,16.8,26.56,427.0
11.0,2017.0,4337.0,0.226,8.845,0.035,1.043,0.4421052631578948,0.645,397.0,0.0,0.0,19.34,354.0
12.0,2017.0,4355.0,0.142,7.994,0.005,0.764,0.6666666666666666,0.669,397.0,0.0,0.0,16.88,336.0
12.0,2017.0,4373.0,0.174,10.074,0.159,0.6509999999999999,0.1176470588235294,0.46,402.0,0.0,0.0,15.54,349.0
1.0,2018.0,4386.0,0.172,8.08,0.155,1.703,0.17801672640382318,0.523,399.0,0.0,0.0,15.48,399.0
1.0,2018.0,4401.0,0.131,8.432,0.03,0.667,0.5864197530864197,0.444,397.0,0.0,0.0,15.03,334.0
2.0,2018.0,4414.0,0.157,8.785,0.026000000000000002,0.555,0.8508771929824562,0.534,396.0,0.0,0.0,14.82,335.0
2.0,2018.0,4429.0,0.111,9.443999999999999,0.003,0.72,1.5434782608695647,0.66,396.0,0.0,0.0,14.31,323.0
2.0,2018.0,4439.0,0.16699999999999998,11.706,0.045,0.884,0.2,0.446,406.0,0.0,0.0,13.45,337.0
3.0,2018.0,4448.0,0.10300000000000001,8.556000000000001,0.08800000000000001,0.654,0.4946236559139786,0.46,402.0,0.0,0.0,14.47,411.0
5.0,2018.0,4504.0,0.135,9.964,0.055,2.234,1.043956043956044,0.441,401.0,0.0,0.0,15.07,404.0
5.0,2018.0,4518.0,0.204,9.823,0.10800000000000001,0.785,0.9278350515463916,0.445,408.0,0.0,0.0,16.74,380.0
5.0,2018.0,4525.0,0.174,9.443,0.084,0.945,0.46399999999999997,0.466,401.0,0.0,0.0,18.18,377.0
6.0,2018.0,4544.0,0.096,10.683,0.034,2.021,1.0555555555555556,0.479,408.0,0.0,0.0,19.85,465.0
6.0,2018.0,4561.0,0.214,13.732000000000001,0.032,1.056,0.2134146341463415,0.512,398.0,0.0,0.0,24.38,461.0
7.0,2018.0,4572.0,1.347,12.482999999999999,0.091,0.877,0.22222222222222224,0.04,404.0,0.0,0.0,26.26,465.0
7.0,2018.0,4589.0,0.259,15.099,0.054000000000000006,1.848,0.2571428571428571,0.11599999999999999,414.0,0.0,0.0,26.97,473.0
8.0,2018.0,4603.0,0.731,14.21,0.455,0.8490000000000001,0.16326530612244894,0.27,398.0,0.0,0.0,28.38,534.0
8.0,2018.0,4622.0,0.17600000000000002,9.352,0.032,0.71,0.2156862745098039,0.129,390.0,0.0,0.0,27.62,476.0
9.0,2018.0,4638.0,0.209,13.460999999999999,0.027999999999999997,0.282,0.26530612244897955,0.12,403.0,0.0,0.0,26.51,416.0
10.0,2018.0,4660.0,0.23399999999999999,10.709000000000001,0.079,0.818,0.2442748091603053,0.16899999999999998,399.0,0.0,0.0,24.44,416.0
10.0,2018.0,4680.0,6.742999999999999,17.732,6.74,4.487,0.04016064257028112,0.26,420.0,0.0,0.0,21.85,422.0
11.0,2018.0,4694.0,0.25,12.043,0.09300000000000001,0.596,0.2291666666666667,0.036000000000000004,401.0,0.0,0.0,18.04,371.0
11.0,2018.0,4708.0,0.44,6.37,0.374,0.555,0.159,0.6920000000000001,425.0,0.0,0.0,17.47,369.0
12.0,2018.0,4721.0,0.39,7.11,0.1,0.935,0.359,0.22699999999999998,406.0,0.0,0.0,17.18,310.0
12.0,2018.0,4733.0,1.06,8.14,0.863,0.951,0.10300000000000001,0.13699999999999998,392.0,0.0,0.0,15.61,357.0
1.0,2019.0,4750.0,0.37,7.13,0.309,0.868,0.075,0.958,419.0,0.0,0.0,15.22,336.0
1.0,2019.0,4772.0,2.14,8.89,1.6219999999999999,0.609,0.087,1.171,417.0,0.0,0.0,13.06,420.0
2.0,2019.0,4783.0,0.32,10.03,0.195,2.8560000000000003,0.82,1.4909999999999999,423.0,0.0,0.0,13.04,331.0
2.0,2019.0,4799.0,0.31,8.56,0.024,0.7020000000000001,0.068,0.191,416.0,0.0,0.0,14.45,292.0
3.0,2019.0,4824.0,0.315,10.3,0.16399999999999998,0.442,0.895,2.025,422.0,0.0,0.0,15.01,352.0
4.0,2019.0,4841.0,0.53,10.92,0.35100000000000003,0.72,1.765,0.353,416.0,0.0,0.0,15.05,335.0
4.0,2019.0,4854.0,0.33,11.59,0.174,0.688,2.228,0.613,409.0,0.0,0.0,16.12,368.0
5.0,2019.0,4876.0,0.36,16.93,0.163,0.512,0.115,1.651,412.0,0.0,0.0,17.27,398.0
5.0,2019.0,4889.0,0.36,9.74,0.018000000000000002,0.632,0.066,1.216,407.0,0.0,0.0,18.21,380.0
6.0,2019.0,4901.0,0.3,11.21,0.043,0.657,2.004,0.503,405.0,0.0,0.0,20.63,407.0
6.0,2019.0,4915.0,0.28,33.31,0.126,0.748,1.1079999999999999,2.608,409.0,0.0,0.0,21.7,411.0
7.0,2019.0,4944.0,1.75,13.92,1.252,0.634,0.081,0.564,408.0,0.0,0.0,26.14,496.0
7.0,2019.0,4958.0,0.64,11.69,0.413,0.431,0.038,0.897,414.0,0.0,0.0,27.22,510.0
8.0,2019.0,4973.0,0.28,11.34,0.055,0.486,0.07200000000000001,0.889,415.0,0.0,0.0,26.93,507.0
8.0,2019.0,4988.0,0.4,11.26,0.17300000000000001,0.473,0.113,0.87,415.0,0.0,0.0,26.52,456.0
9.0,2019.0,5008.0,0.28,12.94,0.084,0.55,0.159,0.205,407.0,0.0,0.0,25.33,436.0
10.0,2019.0,5028.0,1.24,12.8,0.82,0.511,1.4780000000000002,1.092,405.0,0.0,0.0,23.89,425.0
11.0,2019.0,5070.0,0.52,12.19,0.278,0.47200000000000003,1.8969999999999998,1.1179999999999999,409.0,0.0,0.0,17.62,336.0
12.0,2019.0,5091.0,0.0,0.0,0.0,0.0,0.0,0.0,399.0,0.0,0.0,16.1,330.0
12.0,2019.0,5099.0,0.0,0.0,0.0,0.0,0.0,0.0,418.0,0.0,0.0,16.1,366.0
1.0,2020.0,5120.0,0.0,0.0,0.0,0.0,0.0,0.0,425.0,0.0,0.0,15.35,297.0
1.0,2020.0,5136.0,0.0,0.0,0.0,0.0,0.0,0.0,416.0,0.0,0.0,15.07,340.0
2.0,2020.0,5149.0,0.0,0.0,0.0,0.0,0.0,0.0,417.0,0.0,0.0,15.08,362.0
2.0,2020.0,5164.0,0.0,0.0,0.0,0.0,0.0,0.0,418.0,0.0,0.0,15.26,336.0
3.0,2020.0,5185.0,0.0,0.0,0.0,0.0,0.0,0.0,427.0,0.0,0.0,15.66,356.0
3.0,2020.0,5198.0,0.0,0.0,0.0,0.0,0.0,0.0,428.0,0.0,0.0,14.71,365.0
4.0,2020.0,5211.0,0.0,0.0,0.0,0.0,0.0,0.0,431.0,0.0,0.0,16.61,364.0
4.0,2020.0,5227.0,0.0,0.0,0.0,0.0,0.0,0.0,431.0,0.0,0.0,17.61,380.0
5.0,2020.0,5238.0,0.0,0.0,0.0,0.0,0.0,0.0,430.0,0.0,0.0,19.45,449.0
5.0,2020.0,5253.0,0.0,0.0,0.0,0.0,0.0,0.0,431.0,0.0,0.0,19.28,409.0
6.0,2020.0,5266.0,0.0,0.0,0.0,0.0,0.0,0.0,416.0,0.0,0.0,22.0,444.0
6.0,2020.0,5283.0,0.0,0.0,0.0,0.0,0.0,0.0,422.0,0.0,0.0,22.79,444.0
7.0,2020.0,5310.0,0.0,0.0,0.0,0.0,0.0,0.0,408.0,0.0,0.0,25.63,472.0
7.0,2020.0,5325.0,0.0,0.0,0.0,0.0,0.0,0.0,420.0,0.0,0.0,26.62,523.0
8.0,2020.0,5335.0,0.0,0.0,0.0,0.0,0.0,0.0,413.0,0.0,0.0,27.18,526.0
8.0,2020.0,5350.0,0.0,0.0,0.0,0.0,0.0,0.0,429.0,0.0,0.0,27.53,529.0
9.0,2020.0,5366.0,0.0,0.0,0.0,0.0,0.0,0.0,417.0,0.0,0.0,25.79,461.0
9.0,2020.0,5386.0,0.0,0.0,0.0,0.0,0.0,0.0,446.0,0.0,0.0,23.76,474.0
10.0,2020.0,5402.0,0.0,0.0,0.0,0.0,0.0,0.0,421.0,0.0,0.0,21.06,420.0
